seconds,effective_iterations,stop_reason,reached_max_iter,stop_max,checks,stalled_checks,last_improvement_iteration,final_mmpot,peak_mmpot,stopping_audit_passed,dataset,seed,repeat,mode,order_index,accuracy,prediction_mismatches
0.47412139998050407,5301,early_stop,False,128,531,129,4011,0.9919294548819825,0.99549344621672,True,Wine,0,0,sequential,0,0.9526627218934911,1
0.7165620000450872,7331,early_stop,False,128,734,129,6041,0.9940729985955055,0.9980343749999999,True,Wine,0,0,synchronous,1,0.9585798816568047,1
0.7172772000194527,7331,early_stop,False,128,734,129,6041,0.9940729985955055,0.9980343749999999,True,Wine,0,1,synchronous,0,0.9585798816568047,1
1.242650899977889,5301,early_stop,False,128,531,129,4011,0.9919294548819825,0.99549344621672,True,Wine,0,1,sequential,1,0.9526627218934911,1
0.7680679999757558,5301,early_stop,False,128,531,129,4011,0.9919294548819825,0.99549344621672,True,Wine,0,2,sequential,0,0.9526627218934911,1
0.7200570999993943,7331,early_stop,False,128,734,129,6041,0.9940729985955055,0.9980343749999999,True,Wine,0,2,synchronous,1,0.9585798816568047,1
0.4522638999624178,4621,early_stop,False,128,463,129,3331,0.9945519149019376,0.9970153368410045,True,Wine,1,0,synchronous,0,0.9349112426035503,3
0.3700892999768257,4241,early_stop,False,128,425,129,2951,0.991937988395729,0.9921986844159553,True,Wine,1,0,sequential,1,0.9526627218934911,3
0.3802348999888636,4241,early_stop,False,128,425,129,2951,0.991937988395729,0.9921986844159553,True,Wine,1,1,sequential,0,0.9526627218934911,3
0.438986900029704,4621,early_stop,False,128,463,129,3331,0.9945519149019376,0.9970153368410045,True,Wine,1,1,synchronous,1,0.9349112426035503,3
0.44599290000041947,4621,early_stop,False,128,463,129,3331,0.9945519149019376,0.9970153368410045,True,Wine,1,2,synchronous,0,0.9349112426035503,3
0.3762202999787405,4241,early_stop,False,128,425,129,2951,0.991937988395729,0.9921986844159553,True,Wine,1,2,sequential,1,0.9526627218934911,3
0.5669801000040025,6451,early_stop,False,128,646,129,5161,0.992463898615679,0.9945560976523693,True,Wine,2,0,sequential,0,0.9585798816568047,3
0.48727029998553917,4871,early_stop,False,128,488,129,3581,0.9894040516767304,0.9949000091111567,True,Wine,2,0,synchronous,1,0.9644970414201184,3
0.4742758999927901,4871,early_stop,False,128,488,129,3581,0.9894040516767304,0.9949000091111567,True,Wine,2,1,synchronous,0,0.9644970414201184,3
0.5736893999855965,6451,early_stop,False,128,646,129,5161,0.992463898615679,0.9945560976523693,True,Wine,2,1,sequential,1,0.9585798816568047,3
0.5766856000409462,6451,early_stop,False,128,646,129,5161,0.992463898615679,0.9945560976523693,True,Wine,2,2,sequential,0,0.9585798816568047,3
0.48312270001042634,4871,early_stop,False,128,488,129,3581,0.9894040516767304,0.9949000091111567,True,Wine,2,2,synchronous,1,0.9644970414201184,3
0.3822546000010334,3811,early_stop,False,128,382,129,2521,0.9945955056179776,0.9954467194451738,True,Wine,3,0,synchronous,0,0.9644970414201184,1
0.32427799998549744,3681,early_stop,False,128,369,129,2391,0.9914156242811476,0.9949438166672093,True,Wine,3,0,sequential,1,0.9585798816568047,1
0.33118939999258146,3681,early_stop,False,128,369,129,2391,0.9914156242811476,0.9949438166672093,True,Wine,3,1,sequential,0,0.9585798816568047,1
0.3751079000066966,3811,early_stop,False,128,382,129,2521,0.9945955056179776,0.9954467194451738,True,Wine,3,1,synchronous,1,0.9644970414201184,1
0.3772342000156641,3811,early_stop,False,128,382,129,2521,0.9945955056179776,0.9954467194451738,True,Wine,3,2,synchronous,0,0.9644970414201184,1
0.3291036000009626,3681,early_stop,False,128,369,129,2391,0.9914156242811476,0.9949438166672093,True,Wine,3,2,sequential,1,0.9585798816568047,1
0.7007863000035286,7721,early_stop,False,128,773,129,6431,0.993522232893549,0.9965445061363625,True,Wine,4,0,sequential,0,0.9526627218934911,0
0.3584761000238359,3641,early_stop,False,128,365,129,2351,0.9960955056179776,0.9990839229074159,True,Wine,4,0,synchronous,1,0.9526627218934911,0
0.3545420000446029,3641,early_stop,False,128,365,129,2351,0.9960955056179776,0.9990839229074159,True,Wine,4,1,synchronous,0,0.9526627218934911,0
0.6818167000310495,7721,early_stop,False,128,773,129,6431,0.993522232893549,0.9965445061363625,True,Wine,4,1,sequential,1,0.9526627218934911,0
0.6834015999920666,7721,early_stop,False,128,773,129,6431,0.993522232893549,0.9965445061363625,True,Wine,4,2,sequential,0,0.9526627218934911,0
0.34553009999217466,3641,early_stop,False,128,365,129,2351,0.9960955056179776,0.9990839229074159,True,Wine,4,2,synchronous,1,0.9526627218934911,0
0.5630953999934718,5841,early_stop,False,128,585,129,4551,0.9923543969851909,0.9942891285560304,True,Wine,5,0,synchronous,0,0.9289940828402367,1
0.3911314000142738,4551,early_stop,False,128,456,129,3261,0.9914971472899263,0.9960753513016375,True,Wine,5,0,sequential,1,0.9230769230769231,1
0.3963623999734409,4551,early_stop,False,128,456,129,3261,0.9914971472899263,0.9960753513016375,True,Wine,5,1,sequential,0,0.9230769230769231,1
0.5578494999790564,5841,early_stop,False,128,585,129,4551,0.9923543969851909,0.9942891285560304,True,Wine,5,1,synchronous,1,0.9289940828402367,1
0.5586543999961577,5841,early_stop,False,128,585,129,4551,0.9923543969851909,0.9942891285560304,True,Wine,5,2,synchronous,0,0.9289940828402367,1
0.398641400039196,4551,early_stop,False,128,456,129,3261,0.9914971472899263,0.9960753513016375,True,Wine,5,2,sequential,1,0.9230769230769231,1
0.4776111000101082,5451,early_stop,False,128,546,129,4161,0.9939749842124024,0.9973323701632724,True,Wine,6,0,sequential,0,0.9585798816568047,5
0.393027100013569,4111,early_stop,False,128,412,129,2821,0.991610638267233,0.9955722181348121,True,Wine,6,0,synchronous,1,0.9526627218934911,5
0.3986400000285357,4111,early_stop,False,128,412,129,2821,0.991610638267233,0.9955722181348121,True,Wine,6,1,synchronous,0,0.9526627218934911,5
0.4795123999938369,5451,early_stop,False,128,546,129,4161,0.9939749842124024,0.9973323701632724,True,Wine,6,1,sequential,1,0.9585798816568047,5
0.4917977000004612,5451,early_stop,False,128,546,129,4161,0.9939749842124024,0.9973323701632724,True,Wine,6,2,sequential,0,0.9585798816568047,5
0.39573879999807104,4111,early_stop,False,128,412,129,2821,0.991610638267233,0.9955722181348121,True,Wine,6,2,synchronous,1,0.9526627218934911,5
0.5376368000288494,5601,early_stop,False,128,561,129,4311,0.9938314676966293,0.9982830089696314,True,Wine,7,0,synchronous,0,0.9526627218934911,5
0.4869751000078395,5281,early_stop,False,128,529,129,3991,0.9939591976825839,0.9988609550561796,True,Wine,7,0,sequential,1,0.9467455621301775,5
0.46616279997397214,5281,early_stop,False,128,529,129,3991,0.9939591976825839,0.9988609550561796,True,Wine,7,1,sequential,0,0.9467455621301775,5
0.5431451000040397,5601,early_stop,False,128,561,129,4311,0.9938314676966293,0.9982830089696314,True,Wine,7,1,synchronous,1,0.9526627218934911,5
0.5392749999882653,5601,early_stop,False,128,561,129,4311,0.9938314676966293,0.9982830089696314,True,Wine,7,2,synchronous,0,0.9526627218934911,5
0.4740493999561295,5281,early_stop,False,128,529,129,3991,0.9939591976825839,0.9988609550561796,True,Wine,7,2,sequential,1,0.9467455621301775,5
0.5074030000250787,5711,early_stop,False,128,572,129,4421,0.9942238027563199,0.99808724126077,True,Wine,8,0,sequential,0,0.9408284023668639,3
0.6438862000359222,6751,early_stop,False,128,676,129,5461,0.993146578240443,0.998000840941011,True,Wine,8,0,synchronous,1,0.9467455621301775,3
0.657294099975843,6751,early_stop,False,128,676,129,5461,0.993146578240443,0.998000840941011,True,Wine,8,1,synchronous,0,0.9467455621301775,3
0.5020880000083707,5711,early_stop,False,128,572,129,4421,0.9942238027563199,0.99808724126077,True,Wine,8,1,sequential,1,0.9408284023668639,3
0.5063944000285119,5711,early_stop,False,128,572,129,4421,0.9942238027563199,0.99808724126077,True,Wine,8,2,sequential,0,0.9408284023668639,3
0.6589644000050612,6751,early_stop,False,128,676,129,5461,0.993146578240443,0.998000840941011,True,Wine,8,2,synchronous,1,0.9467455621301775,3
0.37698070000624284,3911,early_stop,False,128,392,129,2621,0.9922112710674158,0.9953630180394223,True,Wine,9,0,synchronous,0,0.9585798816568047,4
0.32504349999362603,3771,early_stop,False,128,378,129,2481,0.9873073691441503,0.9903227025631456,True,Wine,9,0,sequential,1,0.9704142011834319,4
0.3339908000198193,3771,early_stop,False,128,378,129,2481,0.9873073691441503,0.9903227025631456,True,Wine,9,1,sequential,0,0.9704142011834319,4
0.37534620001679286,3911,early_stop,False,128,392,129,2621,0.9922112710674158,0.9953630180394223,True,Wine,9,1,synchronous,1,0.9585798816568047,4
0.3745268000056967,3911,early_stop,False,128,392,129,2621,0.9922112710674158,0.9953630180394223,True,Wine,9,2,synchronous,0,0.9585798816568047,4
0.33293510001385584,3771,early_stop,False,128,378,129,2481,0.9873073691441503,0.9903227025631456,True,Wine,9,2,sequential,1,0.9704142011834319,4
14.429624499985948,48281,early_stop,False,342,4829,343,44851,0.997294949031977,0.9975122285272339,True,Digits,0,0,sequential,0,0.8958687040181098,48
6.492623199999798,57881,early_stop,False,342,5789,343,54451,0.9984351810677276,0.9986803325394068,True,Digits,0,0,synchronous,1,0.8777589134125636,48
6.427028400008567,57881,early_stop,False,342,5789,343,54451,0.9984351810677276,0.9986803325394068,True,Digits,0,1,synchronous,0,0.8777589134125636,48
14.43249169999035,48281,early_stop,False,342,4829,343,44851,0.997294949031977,0.9975122285272339,True,Digits,0,1,sequential,1,0.8958687040181098,48
14.569078899978194,48281,early_stop,False,342,4829,343,44851,0.997294949031977,0.9975122285272339,True,Digits,0,2,sequential,0,0.8958687040181098,48
6.2597121999715455,57881,early_stop,False,342,5789,343,54451,0.9984351810677276,0.9986803325394068,True,Digits,0,2,synchronous,1,0.8777589134125636,48
6.587878299993463,59381,early_stop,False,342,5939,343,55951,0.9974238317832973,0.9977686319391162,True,Digits,1,0,synchronous,0,0.9100169779286927,161
12.737261699978262,42371,early_stop,False,342,4238,343,38941,0.9944596058758142,0.9945191578706087,True,Digits,1,0,sequential,1,0.8392756083757782,161
12.704864000028465,42371,early_stop,False,342,4238,343,38941,0.9944596058758142,0.9945191578706087,True,Digits,1,1,sequential,0,0.8392756083757782,161
6.517006300040521,59381,early_stop,False,342,5939,343,55951,0.9974238317832973,0.9977686319391162,True,Digits,1,1,synchronous,1,0.9100169779286927,161
6.450591999979224,59381,early_stop,False,342,5939,343,55951,0.9974238317832973,0.9977686319391162,True,Digits,1,2,synchronous,0,0.9100169779286927,161
12.634729299985338,42371,early_stop,False,342,4238,343,38941,0.9944596058758142,0.9945191578706087,True,Digits,1,2,sequential,1,0.8392756083757782,161
12.851452899980359,43171,early_stop,False,342,4318,343,39741,0.9954927903164564,0.9960982843112385,True,Digits,2,0,sequential,0,0.8907753254102999,103
5.483357499993872,49581,early_stop,False,342,4959,343,46151,0.996553996142134,0.9966166422658231,True,Digits,2,0,synchronous,1,0.8602150537634409,103
5.368954100005794,49581,early_stop,False,342,4959,343,46151,0.996553996142134,0.9966166422658231,True,Digits,2,1,synchronous,0,0.8602150537634409,103
12.894147299986798,43171,early_stop,False,342,4318,343,39741,0.9954927903164564,0.9960982843112385,True,Digits,2,1,sequential,1,0.8907753254102999,103
12.92539739998756,43171,early_stop,False,342,4318,343,39741,0.9954927903164564,0.9960982843112385,True,Digits,2,2,sequential,0,0.8907753254102999,103
5.376471300027333,49581,early_stop,False,342,4959,343,46151,0.996553996142134,0.9966166422658231,True,Digits,2,2,synchronous,1,0.8602150537634409,103
5.399777799961157,49041,early_stop,False,342,4905,343,45611,0.997500186582635,0.9977282253268641,True,Digits,3,0,synchronous,0,0.9088851160158461,57
20.086670499993488,67241,early_stop,False,342,6725,343,63811,0.9986247123939055,0.9988743833729272,True,Digits,3,0,sequential,1,0.9088851160158461,57
20.117851399991196,67241,early_stop,False,342,6725,343,63811,0.9986247123939055,0.9988743833729272,True,Digits,3,1,sequential,0,0.9088851160158461,57
5.358635300013702,49041,early_stop,False,342,4905,343,45611,0.997500186582635,0.9977282253268641,True,Digits,3,1,synchronous,1,0.9088851160158461,57
5.3803088999702595,49041,early_stop,False,342,4905,343,45611,0.997500186582635,0.9977282253268641,True,Digits,3,2,synchronous,0,0.9088851160158461,57
19.976590100035537,67241,early_stop,False,342,6725,343,63811,0.9986247123939055,0.9988743833729272,True,Digits,3,2,sequential,1,0.9088851160158461,57
17.02721999998903,57171,early_stop,False,342,5718,343,53741,0.9973567487155321,0.9974743786514638,True,Digits,4,0,sequential,0,0.9105829088851161,27
4.547706100041978,41331,early_stop,False,342,4134,343,37901,0.996739322668007,0.9968135475261167,True,Digits,4,0,synchronous,1,0.9122807017543859,27
5.795706000004429,41331,early_stop,False,342,4134,343,37901,0.996739322668007,0.9968135475261167,True,Digits,4,1,synchronous,0,0.9122807017543859,27
23.657591100025456,57171,early_stop,False,342,5718,343,53741,0.9973567487155321,0.9974743786514638,True,Digits,4,1,sequential,1,0.9105829088851161,27
26.204253099975176,57171,early_stop,False,342,5718,343,53741,0.9973567487155321,0.9974743786514638,True,Digits,4,2,sequential,0,0.9105829088851161,27
6.555727600003593,41331,early_stop,False,342,4134,343,37901,0.996739322668007,0.9968135475261167,True,Digits,4,2,synchronous,1,0.9122807017543859,27
8.668123100011144,54061,early_stop,False,342,5407,343,50631,0.9964260645348318,0.996553313265586,True,Digits,5,0,synchronous,0,0.9139784946236559,35
23.048096799990162,59931,early_stop,False,342,5994,343,56501,0.9973504625378519,0.9975279666617416,True,Digits,5,0,sequential,1,0.9060554612337295,35
24.49992440000642,59931,early_stop,False,342,5994,343,56501,0.9973504625378519,0.9975279666617416,True,Digits,5,1,sequential,0,0.9060554612337295,35
8.334971600037534,54061,early_stop,False,342,5407,343,50631,0.9964260645348318,0.996553313265586,True,Digits,5,1,synchronous,1,0.9139784946236559,35
8.473735100007616,54061,early_stop,False,342,5407,343,50631,0.9964260645348318,0.996553313265586,True,Digits,5,2,synchronous,0,0.9139784946236559,35
25.738790799980052,59931,early_stop,False,342,5994,343,56501,0.9973504625378519,0.9975279666617416,True,Digits,5,2,sequential,1,0.9060554612337295,35
19.083954700035974,43881,early_stop,False,342,4389,343,40451,0.9969762989372797,0.9970401582340098,True,Digits,6,0,sequential,0,0.9128466327108092,54
8.018416800012346,54931,early_stop,False,342,5494,343,51501,0.9974180360885164,0.9977029163374359,True,Digits,6,0,synchronous,1,0.9105829088851161,54
9.845991700014565,54931,early_stop,False,342,5494,343,51501,0.9974180360885164,0.9977029163374359,True,Digits,6,1,synchronous,0,0.9105829088851161,54
18.841214399959426,43881,early_stop,False,342,4389,343,40451,0.9969762989372797,0.9970401582340098,True,Digits,6,1,sequential,1,0.9128466327108092,54
18.263262299995404,43881,early_stop,False,342,4389,343,40451,0.9969762989372797,0.9970401582340098,True,Digits,6,2,sequential,0,0.9128466327108092,54
10.390000900020823,54931,early_stop,False,342,5494,343,51501,0.9974180360885164,0.9977029163374359,True,Digits,6,2,synchronous,1,0.9105829088851161,54
6.922415099979844,45061,early_stop,False,342,4507,343,41631,0.9962827087579984,0.9966984092064503,True,Digits,7,0,synchronous,0,0.923033389926429,97
15.87243510002736,39651,early_stop,False,342,3966,343,36221,0.9963471394239595,0.9965448783615097,True,Digits,7,0,sequential,1,0.8919071873231466,97
16.763020499958657,39651,early_stop,False,342,3966,343,36221,0.9963471394239595,0.9965448783615097,True,Digits,7,1,sequential,0,0.8919071873231466,97
7.937453999998979,45061,early_stop,False,342,4507,343,41631,0.9962827087579984,0.9966984092064503,True,Digits,7,1,synchronous,1,0.923033389926429,97
6.663061200000811,45061,early_stop,False,342,4507,343,41631,0.9962827087579984,0.9966984092064503,True,Digits,7,2,synchronous,0,0.923033389926429,97
16.44462189998012,39651,early_stop,False,342,3966,343,36221,0.9963471394239595,0.9965448783615097,True,Digits,7,2,sequential,1,0.8919071873231466,97
25.610337999998592,59681,early_stop,False,342,5969,343,56251,0.9972607947379948,0.9976888126284811,True,Digits,8,0,sequential,0,0.9088851160158461,81
10.980023799987976,74111,early_stop,False,342,7412,343,70681,0.9974630620394574,0.9976746980596896,True,Digits,8,0,synchronous,1,0.8924731182795699,81
11.52870530000655,74111,early_stop,False,342,7412,343,70681,0.9974630620394574,0.9976746980596896,True,Digits,8,1,synchronous,0,0.8924731182795699,81
23.00798689998919,59681,early_stop,False,342,5969,343,56251,0.9972607947379948,0.9976888126284811,True,Digits,8,1,sequential,1,0.9088851160158461,81
24.90405260003172,59681,early_stop,False,342,5969,343,56251,0.9972607947379948,0.9976888126284811,True,Digits,8,2,sequential,0,0.9088851160158461,81
11.100704199983738,74111,early_stop,False,342,7412,343,70681,0.9974630620394574,0.9976746980596896,True,Digits,8,2,synchronous,1,0.8924731182795699,81
11.842449099989608,69811,early_stop,False,342,6982,343,66381,0.9975262693944447,0.9980785483148538,True,Digits,9,0,synchronous,0,0.8986983588002264,68
29.13618749997113,65321,early_stop,False,342,6533,343,61891,0.9979578129577621,0.9981495727665654,True,Digits,9,0,sequential,1,0.8998302207130731,68
26.4756245999597,65321,early_stop,False,342,6533,343,61891,0.9979578129577621,0.9981495727665654,True,Digits,9,1,sequential,0,0.8998302207130731,68
9.524297699972522,69811,early_stop,False,342,6982,343,66381,0.9975262693944447,0.9980785483148538,True,Digits,9,1,synchronous,1,0.8986983588002264,68
10.989553799969144,69811,early_stop,False,342,6982,343,66381,0.9975262693944447,0.9980785483148538,True,Digits,9,2,synchronous,0,0.8986983588002264,68
26.13699260004796,65321,early_stop,False,342,6533,343,61891,0.9979578129577621,0.9981495727665654,True,Digits,9,2,sequential,1,0.8998302207130731,68
